{
    "R2_full": 0.979027729140339,
    "MSE_full": 0.5973295564069234,
    "MAE_full": 0.3901706569441896,
    "model_count": 10
}